label,bag_path,duration_sec,maximum_speed_kph,wheel_contacts,minimum_wheel_clearance_m,rear_center_rms_m,rear_center_max_m,cte_rms_m,cte_p95_m,cte_max_m,cte_max_elapsed_sec,minimum_wheel_clearance_elapsed_sec,minimum_wheel_clearance_x_m,minimum_wheel_clearance_y_m,curved_cte_p95_m,high_speed_cte_p95_m,steering_rate_rms_degps,steering_rate_p95_degps,straight_samples,straight_brake_samples,brake_samples,direct_pedal_reversals,heading_suppression_samples,maximum_heading_suppression_weight
baseline_01,/tmp/hybrid_cte_recovery_050_01.bag,129.7667863368988,58.30887908935547,0,0.03908527631999359,0.14947471015624383,0.33274551657994295,0.15204830930889157,0.32520387742625306,0.5367896974240581,10.50025725364685,10.410931825637817,-94.51712674775627,-360.1339150685817,0.35783533652140215,0.18998684801067664,18.07263781594363,52.08141645707104,942,0,415,16,0,0.0
baseline_02,/tmp/hybrid_cte_recovery_050_02.bag,129.6999843120575,58.29247512817383,0,0.0683362751553529,0.1495676571223663,0.34266678251654537,0.15176388471101054,0.3278886030806656,0.5168470437779672,114.8665623664856,13.513305902481079,-99.2527193671558,-347.62505831569433,0.3532874732031858,0.17151669573441178,18.40910441322402,54.8687732251976,935,0,419,18,0,0.0
baseline_03,/tmp/session_recovery050_03.bag,129.6999397277832,58.29474105834961,0,0.010311030068911542,0.15012791459014357,0.34799064891057024,0.1506358790114407,0.32594867847343084,0.6005261686995854,114.93336939811707,114.82781076431274,-80.84692251344677,340.2773521821946,0.3484046584917101,0.1989805451066543,17.51961161555532,49.98679092590462,943,0,436,20,0,0.0
no_heading_cap_01,/tmp/session_gain060_recovery055_01.bag,129.70009899139404,58.30957260131836,0,0.08789601219372534,0.14678659105948103,0.34266678251654537,0.14439323086956912,0.30515544576301684,0.4973629283247819,10.26661491394043,10.236450433731079,-94.6780372139765,-360.6852380540222,0.32708805198961155,0.18973805892797077,18.399562463373897,53.63727621615949,946,0,434,18,0,0.0
no_heading_cap_02,/tmp/session_gain060_recovery055_02.bag,129.76675844192505,58.31613693237305,0,0.1053700080641764,0.1465202038473689,0.36497003712594744,0.14548137034000277,0.3043130431623886,0.49865929697607736,115.06665825843811,114.97091031074524,-80.69907805055846,340.27387307491153,0.3217246804618054,0.18243367723529702,18.15952405968483,51.53992987533779,944,0,402,14,0,0.0
no_heading_cap_03,/tmp/session_final055_01.bag,129.70018672943115,58.286824035644536,1,-0.009427653437930505,0.14702872774914286,0.35671789892803296,0.14545953005238313,0.3113799622839059,0.6060256639371099,115.10001540184021,115.09462761878967,-80.09899640607182,340.62982489867136,0.32362653414605874,0.17777686798686648,18.218995404855036,52.344081809785614,921,0,415,18,0,0.0
recovery_only_cap_01,/tmp/session_heading_cap30_01.bag,129.7330276966095,58.29789276123047,0,0.07555942908433444,0.14751478924996786,0.37142091418754386,0.14822050326971922,0.33188367615997727,0.5231834040458425,114.16638422012329,109.837233543396,-96.15350561315427,324.7244214056991,0.3603241306694364,0.16651813840241134,18.45941305235104,53.283584292043265,939,0,420,16,54,0.3
recovery_only_cap_02,/tmp/session_heading_cap30_02.bag,129.73313093185425,58.30150451660156,0,0.046214619888504505,0.147763361706189,0.36497003712594744,0.1486483212551248,0.3183067243333851,0.548364314462307,114.56640934944153,114.49145364761353,-79.6511111506261,340.804321735166,0.33571183444680996,0.2812082778678816,18.800755742440494,55.35605916843968,914,0,414,20,36,0.3
recovery_only_cap_03,/tmp/session_heading_cap30_03.bag,129.7666425704956,58.31067810058594,0,0.1081885827179867,0.1481689070699322,0.33618534676426537,0.1471221675049967,0.31924954840632946,0.49553849656567217,114.73318481445312,114.67950797080994,-80.69907805055846,340.27387307491153,0.33673945772900243,0.1769030430071707,18.26972995576215,52.314798808185564,931,0,427,20,50,0.3
recovery_only_cap_04,/tmp/session_final58_extended_04.bag,129.6998908519745,58.305885314941406,0,0.02865957546775899,0.14529140349595987,0.3433943049588692,0.1437759686583274,0.31714199729057213,0.5800333220930922,114.89996075630188,114.86366677284241,-81.29480782494647,340.1028554085642,0.3384888731472312,0.16446507957791062,18.391565083993072,53.920575662029684,940,0,424,18,27,0.3
recovery_only_cap_05,/tmp/session_final58_extended_05.bag,129.73345565795898,58.30681228637695,0,0.08170832199257161,0.14699433840238657,0.34313167899183916,0.14855029980128578,0.32389834504668547,0.49446341671698624,64.0000991821289,74.07500696182251,2.1702374820015393,108.87908703833818,0.34381468466968323,0.21293171491002355,18.439784796041913,51.42146530958369,940,0,414,16,33,0.3
recovery_only_cap_06,/tmp/session_final58_extended_06.bag,129.6999237537384,58.2875244140625,0,0.057077031466180594,0.1457264641532921,0.338230233510443,0.1467466208718431,0.3152541957105911,0.5280125341041778,115.13316631317139,115.11394691467285,-79.05538146337494,340.97533951699734,0.34625322302552647,0.18955036279390977,18.123245346173324,51.18351590590181,940,0,406,16,26,0.3
recovery_only_cap_07,/tmp/session_final58_extended_07.bag,129.73370051383972,58.30005569458008,0,0.09245171344965564,0.14900578858998625,0.35675464754210484,0.14645717700164285,0.32041079433650277,0.4923958433627711,10.166728973388672,10.064016103744507,-94.6780372139765,-360.6852380540222,0.33655907655200434,0.21641879935712605,18.5058133576648,52.878845026418595,936,0,439,20,37,0.3
recovery_only_cap_08,/tmp/session_final58_extended_08.bag,129.70006132125854,58.28871231079102,0,0.08380877009442744,0.14687084745884715,0.33979007469391354,0.1484045233051504,0.31952353271214606,0.4976467998908558,10.433424472808838,110.47203540802002,-95.24032388208434,325.8131499388255,0.3375307233818171,0.17694465096069356,18.211981642399145,53.68048427032607,930,0,410,18,42,0.3
recovery_only_cap_09,/tmp/session_final58_extended_09.bag,129.6999843120575,58.30675735473633,0,0.13140019821358817,0.14502557085672882,0.3319193892804871,0.1437730338854238,0.31225836665204565,0.4392474648902224,13.500089645385742,13.375188827514648,-99.10921410203446,-347.81347120087594,0.3354079273240408,0.19557586369647217,18.09040358112411,50.41874163316539,941,0,441,18,32,0.3
recovery_only_cap_10,/tmp/session_final58_extended_10.bag,129.76672649383545,58.31560134887695,1,-0.021310847319214954,0.14697861240818305,0.32950366351578586,0.14672772115700455,0.3108800265801849,0.616085726043171,114.4999680519104,114.48645949363708,-80.24684086232446,340.6333039952442,0.3294402566569751,0.17946383520917353,18.52838995954383,53.580980902996664,940,0,421,20,28,0.3
final_heading_cap_rate1_01,/tmp/session_heading_final_cap_01.bag,129.69998049736023,58.320943450927736,0,0.06590256639491998,0.14819973889595495,0.3431336329850236,0.14983710053380908,0.3156625952017301,0.5013833390033835,13.733535051345825,13.720147848129272,-99.83109171350952,-347.0563406920992,0.33563384153949094,0.21095101675666963,19.22952300985723,59.38773228475049,962,0,417,18,32,0.3
final_heading_cap_rate1_02,/tmp/session_heading_final_cap_02.bag,129.73353338241577,58.29297637939453,0,0.1031557171298052,0.14600769091884494,0.3331521738363376,0.14485293711719519,0.3089873768541549,0.47538776940995353,114.59999370574951,13.480509281158447,-99.2527193671558,-347.62505831569433,0.33067798752717376,0.16268411488129134,18.17301034623862,51.72318816019959,935,0,416,16,34,0.3
final_heading_cap_rate1_03,/tmp/session_heading_final_cap_03.bag,129.76675271987915,58.31338348388672,0,0.04240972237285434,0.1455785575190934,0.32320330392736474,0.14368275027709607,0.3023223322091461,0.5643727236558997,114.73337388038635,114.71353578567505,-80.84692251344677,340.2773521821946,0.3194795157689906,0.17882335160476406,18.10834939832357,52.215769652439135,928,0,420,18,39,0.3
final_heading_cap_rate1_04,/tmp/session_heading_final_full_04.bag,129.76638412475586,58.304972076416014,0,0.05204863840987439,0.1451795652270039,0.35671789892803296,0.14511483197946648,0.31285681332845994,0.5365571430148737,10.299672603607178,10.23701000213623,-94.6780372139765,-360.6852380540222,0.33681411348673634,0.1799622046835331,18.452554740294506,52.61143687400192,941,0,435,22,53,0.3
final_heading_cap_rate1_05,/tmp/session_heading_final_full_05.bag,129.70007944107056,58.30060501098633,0,0.0910836497058436,0.14637669038984977,0.34516077807942924,0.14439330660606517,0.31162004458974524,0.5055999589841278,114.63339686393738,13.493449211120605,-98.81785222573671,-348.0053630149923,0.32713221607903337,0.1895988036263564,17.574565695694798,49.23735852007472,920,0,419,18,31,0.3
final_heading_cap_rate1_06,/tmp/session_heading_final_full_06.bag,129.70042252540588,58.32807083129883,1,-0.01717563038894876,0.14772629830706752,0.39350981009317126,0.14549173459160392,0.3147188407458805,0.6316332128715267,115.23349666595459,115.15675830841064,-80.84692251344677,340.2773521821946,0.3337628792794323,0.17693822268312764,18.903566267707934,56.94565458910398,926,0,438,18,24,0.3
return_rate2_speed2_01,/tmp/session_return_rate2_full_01.bag,129.69998955726624,58.308302307128905,1,-0.01008480170956294,0.14668901847738602,0.32715933906208333,0.14714893473792462,0.3163307678728322,0.6235951248357758,115.23338007926941,115.21749520301819,-80.84692251344677,340.2773521821946,0.3321229923991624,0.17958964887958584,19.70113808814448,51.85619987009324,926,0,415,20,35,0.3
final_01,/tmp/session_curve_approach1_full_01.bag,129.66657853126526,58.28146133422852,0,0.10510698817049402,0.1468817831538642,0.37683781743975553,0.13645414683916154,0.28988504549130095,0.4924433844033625,125.76659727096558,125.68457055091858,-80.39903722179588,340.451848980505,0.30847734999497783,0.17985894017595522,19.408884242561143,51.42868618540855,790,0,466,16,35,0.3
final_02,/tmp/session_curve_approach1_full_02.bag,129.76658034324646,58.29193267822266,0,0.10176691926269243,0.1452903902588746,0.3172664935724103,0.13813076401244595,0.291020653321286,0.5127388656643912,125.36657047271729,125.30609178543091,-81.5992006129818,339.73994542006403,0.3041283028606098,0.1719288062373311,20.475337549138864,57.57858494539909,797,0,457,16,44,0.3
final_03,/tmp/session_curve_approach1_full_03.bag,129.66660618782043,58.30710067749023,0,0.08081460103636062,0.1437318791264577,0.3334225038434214,0.1367638010266105,0.2887160859392712,0.5354268106575528,125.36653733253479,14.30342435836792,-97.08708582306281,-349.8964494699612,0.30797872541130533,0.18114814877743446,19.837825357441776,52.79458282209784,794,0,469,14,36,0.3
final_04,/tmp/session_curve_approach1_full_04.bag,129.69991278648376,58.27957305908203,0,0.11860546570502795,0.14548706908321907,0.34749390913849126,0.13820662654562063,0.2931891130448567,0.4790882775555711,119.5331814289093,119.50301551818848,-97.9972788185114,321.8072281545028,0.3081821846737258,0.17611644585626773,20.45308002140841,55.24172834919874,786,0,466,18,36,0.3
final_05,/tmp/session_curve_approach1_full_05.bag,129.7666835784912,58.2828483581543,0,0.12380521048451487,0.14670784960701436,0.32206654430559356,0.13704568817306717,0.2816312357278225,0.4792145398294877,125.00003027915955,125.504549741745,-79.95115194993559,340.62634580396116,0.30122727536043137,0.17339737937090544,19.577562460083573,50.49188590507209,792,0,469,16,39,0.3
target_58_5_01,/tmp/session_target585_01.bag,129.69992876052856,58.80364837646484,0,0.03966524888238743,0.14962462246409614,0.41154385488714984,0.14895990975513013,0.32303211715786273,0.5727182777201175,115.03329992294312,114.9239296913147,-81.1469633586239,340.0993762933649,0.34664309680384925,0.1835830080172809,18.112067003585892,51.824007987318886,928,0,424,16,36,0.3
target_58_5_02,/tmp/session_target585_02.bag,129.73359298706055,58.82807922363281,0,0.1079566916422443,0.14501529462241736,0.3319193892804871,0.14527223618916943,0.31289171574579927,0.47962336595839244,114.86671376228333,114.80970430374146,-79.95115194993559,340.62634580396116,0.33506379100615824,0.18145390963822428,18.083773811830746,51.20292042246156,935,0,429,18,37,0.3
target_58_5_03,/tmp/session_final_complete_01.bag,129.66669821739197,58.78555526733398,1,-0.005624180215721086,0.14625009042093443,0.3431336329850236,0.147939842955899,0.3205709332603698,0.6021651013775142,114.03338503837585,114.04117012023926,-84.16042846720666,337.7648156089708,0.34044175273575106,0.17508329767651445,18.462294297808846,54.98887145359538,925,0,424,18,27,0.3
